,type,location,price,area,link
0,Apartment,"Al Burouj Compound, El Shorouk Compounds, Shorouk City, Cairo","500,000",180 ,https://www.propertyfinder.eg/en/plp/buy/apartment-for-sale-cairo-shorouk-city-el-shorouk-compounds-al-burouj-compound-3385823.html
1,Townhouse,"Sarai, Mostakbal City Compounds, Mostakbal City - Future City, Cairo","3,500,000",165 ,https://www.propertyfinder.eg/en/plp/buy/townhouse-for-sale-cairo-mostakbal-city-future-city-mostakbal-city-compounds-sarai-3430680.html
2,Apartment,"Hyde Park, 5th Settlement Compounds, The 5th Settlement, New Cairo City, Cairo","2,300,000",145 ,https://www.propertyfinder.eg/en/plp/buy/apartment-for-sale-cairo-new-cairo-city-the-5th-settlement-5th-settlement-compounds-hyde-park-3342624.html
3,Apartment,"Zed East, 5th Settlement Compounds, The 5th Settlement, New Cairo City, Cairo","515,789",139 ,https://www.propertyfinder.eg/en/plp/buy/apartment-for-sale-cairo-new-cairo-city-the-5th-settlement-5th-settlement-compounds-zed-east-3436023.html
4,Villa,"Al Maqsad, New Capital Compounds, New Capital City, Cairo","900,000",399 ,https://www.propertyfinder.eg/en/plp/buy/villa-for-sale-cairo-new-capital-city-new-capital-compounds-al-maqsad-3432649.html
5,Townhouse,"Al Maqsad, New Capital Compounds, New Capital City, Cairo","6,700,000",376 ,https://www.propertyfinder.eg/en/plp/buy/townhouse-for-sale-cairo-new-capital-city-new-capital-compounds-al-maqsad-3409227.html
6,Townhouse,"Grand Residence, South Investors Area, New Cairo City, Cairo","6,000,000",281 ,https://www.propertyfinder.eg/en/plp/buy/townhouse-for-sale-cairo-new-cairo-city-south-investors-area-grand-residence-3339188.html
7,Villa,"Mountain View 1, 5th Settlement Compounds, The 5th Settlement, New Cairo City, Cairo","15,500,000",530 ,https://www.propertyfinder.eg/en/plp/buy/villa-for-sale-cairo-new-cairo-city-the-5th-settlement-5th-settlement-compounds-mountain-view-1-3287757.html
8,Villa,"Maadi View, El Shorouk Compounds, Shorouk City, Cairo","590,000",288 ,https://www.propertyfinder.eg/en/plp/buy/villa-for-sale-cairo-shorouk-city-el-shorouk-compounds-maadi-view-3329997.html
9,Apartment,"The Sierras, Uptown Cairo, Mokattam, Cairo","5,150,000",140 ,https://www.propertyfinder.eg/en/plp/buy/apartment-for-sale-cairo-mokattam-uptown-cairo-the-sierras-3380292.html
10,Duplex,"Eastown, 5th Settlement Compounds, The 5th Settlement, New Cairo City, Cairo","7,700,000",317 ,https://www.propertyfinder.eg/en/plp/buy/duplex-for-sale-cairo-new-cairo-city-the-5th-settlement-5th-settlement-compounds-eastown-3428730.html
11,Townhouse,"Mountain View iCity, 5th Settlement Compounds, The 5th Settlement, New Cairo City, Cairo","1,500,000",400 ,https://www.propertyfinder.eg/en/plp/buy/townhouse-for-sale-cairo-new-cairo-city-the-5th-settlement-5th-settlement-compounds-mountain-view-icity-3335817.html
12,Villa,"Gardenia Springs, Ext North Inves Area, New Cairo City, Cairo","10,500,000",920 ,https://www.propertyfinder.eg/en/plp/buy/villa-for-sale-cairo-new-cairo-city-ext-north-inves-area-gardenia-springs-3401203.html
13,Apartment,"Palm Hills New Cairo, 5th Settlement Compounds, The 5th Settlement, New Cairo City, Cairo","3,206,938",169 ,https://www.propertyfinder.eg/en/plp/buy/apartment-for-sale-cairo-new-cairo-city-the-5th-settlement-5th-settlement-compounds-palm-hills-new-cairo-3347363.html
14,Twin House,"Mountain View Hyde Park, 5th Settlement Compounds, The 5th Settlement, New Cairo City, Cairo","5,000,000",375 ,https://www.propertyfinder.eg/en/plp/buy/twin-house-for-sale-cairo-new-cairo-city-the-5th-settlement-5th-settlement-compounds-mountain-view-hyde-park-3425363.html
15,Apartment,"Zed East, 5th Settlement Compounds, The 5th Settlement, New Cairo City, Cairo","4,902,000",165 ,https://www.propertyfinder.eg/en/plp/buy/apartment-for-sale-cairo-new-cairo-city-the-5th-settlement-5th-settlement-compounds-zed-east-3393030.html
16,Villa,"Al Burouj Compound, El Shorouk Compounds, Shorouk City, Cairo","5,900,000",200 ,https://www.propertyfinder.eg/en/plp/buy/villa-for-sale-cairo-shorouk-city-el-shorouk-compounds-al-burouj-compound-2652894.html
17,Apartment,"Palm Hills New Cairo, 5th Settlement Compounds, The 5th Settlement, New Cairo City, Cairo","2,849,084",183 ,https://www.propertyfinder.eg/en/plp/buy/apartment-for-sale-cairo-new-cairo-city-the-5th-settlement-5th-settlement-compounds-palm-hills-new-cairo-3326419.html
18,Twin House,"Palm Hills Kattameya, El Katameya Compounds, El Katameya, New Cairo City, Cairo","11,400,000",620 ,https://www.propertyfinder.eg/en/plp/buy/twin-house-for-sale-cairo-new-cairo-city-el-katameya-el-katameya-compounds-palm-hills-kattameya-3436011.html
19,Penthouse,"Granda Life, El Shorouk Compounds, Shorouk City, Cairo","300,000",200 ,https://www.propertyfinder.eg/en/plp/buy/penthouse-for-sale-cairo-shorouk-city-el-shorouk-compounds-granda-life-3338202.html
20,Twin House,"Palm Hills New Cairo, 5th Settlement Compounds, The 5th Settlement, New Cairo City, Cairo","4,000,000",250 ,https://www.propertyfinder.eg/en/plp/buy/twin-house-for-sale-cairo-new-cairo-city-the-5th-settlement-5th-settlement-compounds-palm-hills-new-cairo-3397708.html
21,Apartment,"Sarayat Al Maadi, Hay El Maadi, Cairo","3,800,000",220 ,https://www.propertyfinder.eg/en/plp/buy/apartment-for-sale-cairo-hay-el-maadi-sarayat-al-maadi-3435850.html
22,Apartment,"El Rehab Extension, Al Rehab, New Cairo City, Cairo","2,279,000",155 ,https://www.propertyfinder.eg/en/plp/buy/apartment-for-sale-cairo-new-cairo-city-al-rehab-el-rehab-extension-3188675.html
23,Villa,"Villette, 5th Settlement Compounds, The 5th Settlement, New Cairo City, Cairo","14,250,000",530 ,https://www.propertyfinder.eg/en/plp/buy/villa-for-sale-cairo-new-cairo-city-the-5th-settlement-5th-settlement-compounds-villette-3244105.html
24,Apartment,"JAYD Residence, 5th Settlement Compounds, The 5th Settlement, New Cairo City, Cairo","140,000",150 ,https://www.propertyfinder.eg/en/plp/buy/apartment-for-sale-cairo-new-cairo-city-the-5th-settlement-5th-settlement-compounds-jayd-residence-3288003.html
25,Apartment,"El Banafseg Apartment Buildings, El Banafseg, New Cairo City, Cairo","1,500,000",120 ,https://www.propertyfinder.eg/en/plp/buy/apartment-for-sale-cairo-new-cairo-city-el-banafseg-el-banafseg-apartment-buildings-3433258.html
26,Duplex,"Al Burouj Compound, El Shorouk Compounds, Shorouk City, Cairo","3,117,000",276 ,https://www.propertyfinder.eg/en/plp/buy/duplex-for-sale-cairo-shorouk-city-el-shorouk-compounds-al-burouj-compound-2622542.html
27,Apartment,"Swan Lake, The 1st Settlement, New Cairo City, Cairo","900,000",173 ,https://www.propertyfinder.eg/en/plp/buy/apartment-for-sale-cairo-new-cairo-city-the-1st-settlement-swan-lake-3391078.html
28,Villa,"Palm Hills New Cairo, 5th Settlement Compounds, The 5th Settlement, New Cairo City, Cairo","2,100,000",344 ,https://www.propertyfinder.eg/en/plp/buy/villa-for-sale-cairo-new-cairo-city-the-5th-settlement-5th-settlement-compounds-palm-hills-new-cairo-3382400.html
29,Villa,"Villette, 5th Settlement Compounds, The 5th Settlement, New Cairo City, Cairo","15,500,000",665 ,https://www.propertyfinder.eg/en/plp/buy/villa-for-sale-cairo-new-cairo-city-the-5th-settlement-5th-settlement-compounds-villette-3385860.html
30,Townhouse,"Layan Residence, 5th Settlement Compounds, The 5th Settlement, New Cairo City, Cairo","5,050,000",266 ,https://www.propertyfinder.eg/en/plp/buy/townhouse-for-sale-cairo-new-cairo-city-the-5th-settlement-5th-settlement-compounds-layan-residence-3429776.html
31,Villa,"Katameya Heights, El Katameya Compounds, El Katameya, New Cairo City, Cairo","90,000,000","1,000 ",https://www.propertyfinder.eg/en/plp/buy/villa-for-sale-cairo-new-cairo-city-el-katameya-el-katameya-compounds-katameya-heights-3176690.html
32,Apartment,"Palm Hills New Cairo, 5th Settlement Compounds, The 5th Settlement, New Cairo City, Cairo","3,075,000",205 ,https://www.propertyfinder.eg/en/plp/buy/apartment-for-sale-cairo-new-cairo-city-the-5th-settlement-5th-settlement-compounds-palm-hills-new-cairo-3179201.html
33,Apartment,"De Joya, New Capital Compounds, New Capital City, Cairo","346,000",156 ,https://www.propertyfinder.eg/en/plp/buy/apartment-for-sale-cairo-new-capital-city-new-capital-compounds-de-joya-3327350.html
34,Duplex,"District 5 Residences, El Katameya Compounds, El Katameya, New Cairo City, Cairo","5,840,000",195 ,https://www.propertyfinder.eg/en/plp/buy/duplex-for-sale-cairo-new-cairo-city-el-katameya-el-katameya-compounds-district-5-residences-3415044.html
35,Apartment,"Mountain View iCity, 5th Settlement Compounds, The 5th Settlement, New Cairo City, Cairo","270,000",130 ,https://www.propertyfinder.eg/en/plp/buy/apartment-for-sale-cairo-new-cairo-city-the-5th-settlement-5th-settlement-compounds-mountain-view-icity-3431906.html
36,Apartment,"IL Bosco, New Capital Compounds, New Capital City, Cairo","220,000",122 ,https://www.propertyfinder.eg/en/plp/buy/apartment-for-sale-cairo-new-capital-city-new-capital-compounds-il-bosco-3332725.html
37,Apartment,"The Fourteen Golf Residences, Uptown Cairo, Mokattam, Cairo","6,300,000",137 ,https://www.propertyfinder.eg/en/plp/buy/apartment-for-sale-cairo-mokattam-uptown-cairo-the-fourteen-golf-residences-3409453.html
38,Apartment,"Palm Hills New Cairo, 5th Settlement Compounds, The 5th Settlement, New Cairo City, Cairo","3,200,000",216 ,https://www.propertyfinder.eg/en/plp/buy/apartment-for-sale-cairo-new-cairo-city-the-5th-settlement-5th-settlement-compounds-palm-hills-new-cairo-3340632.html
39,Apartment,"Mountain View iCity, 5th Settlement Compounds, The 5th Settlement, New Cairo City, Cairo","700,000",165 ,https://www.propertyfinder.eg/en/plp/buy/apartment-for-sale-cairo-new-cairo-city-the-5th-settlement-5th-settlement-compounds-mountain-view-icity-3433883.html
40,Apartment,"Mivida, 5th Settlement Compounds, The 5th Settlement, New Cairo City, Cairo","5,637,500",186 ,https://www.propertyfinder.eg/en/plp/buy/apartment-for-sale-cairo-new-cairo-city-the-5th-settlement-5th-settlement-compounds-mivida-3408954.html
41,iVilla,"Mountain View Hyde Park, 5th Settlement Compounds, The 5th Settlement, New Cairo City, Cairo","5,000,000",305 ,https://www.propertyfinder.eg/en/plp/buy/ivilla-for-sale-cairo-new-cairo-city-the-5th-settlement-5th-settlement-compounds-mountain-view-hyde-park-3393055.html
42,Apartment,"Cairo Festival City, North Investors Area, New Cairo City, Cairo",Askforprice,220 ,https://www.propertyfinder.eg/en/plp/buy/apartment-for-sale-cairo-new-cairo-city-north-investors-area-cairo-festival-city-3421316.html
43,Apartment,"Hyde Park, 5th Settlement Compounds, The 5th Settlement, New Cairo City, Cairo","200,000",172 ,https://www.propertyfinder.eg/en/plp/buy/apartment-for-sale-cairo-new-cairo-city-the-5th-settlement-5th-settlement-compounds-hyde-park-3376713.html
44,Apartment,"Mivida, 5th Settlement Compounds, The 5th Settlement, New Cairo City, Cairo","5,500,000",180 ,https://www.propertyfinder.eg/en/plp/buy/apartment-for-sale-cairo-new-cairo-city-the-5th-settlement-5th-settlement-compounds-mivida-3435593.html
45,Twin House,"Layan Residence, 5th Settlement Compounds, The 5th Settlement, New Cairo City, Cairo","6,500,000",350 ,https://www.propertyfinder.eg/en/plp/buy/twin-house-for-sale-cairo-new-cairo-city-the-5th-settlement-5th-settlement-compounds-layan-residence-3240444.html
46,Apartment,"Eastown, 5th Settlement Compounds, The 5th Settlement, New Cairo City, Cairo","2,700,000",156 ,https://www.propertyfinder.eg/en/plp/buy/apartment-for-sale-cairo-new-cairo-city-the-5th-settlement-5th-settlement-compounds-eastown-3254992.html
47,Penthouse,"Stone Residence, 5th Settlement Compounds, The 5th Settlement, New Cairo City, Cairo","2,175,000",140 ,https://www.propertyfinder.eg/en/plp/buy/penthouse-for-sale-cairo-new-cairo-city-the-5th-settlement-5th-settlement-compounds-stone-residence-3393884.html
48,Apartment,"Century City, 5th Settlement Compounds, The 5th Settlement, New Cairo City, Cairo","3,274,500",177 ,https://www.propertyfinder.eg/en/plp/buy/apartment-for-sale-cairo-new-cairo-city-the-5th-settlement-5th-settlement-compounds-century-city-3255368.html
49,Villa,"Eastshire compound, 5th Settlement Compounds, The 5th Settlement, New Cairo City, Cairo","760,000",261 ,https://www.propertyfinder.eg/en/plp/buy/villa-for-sale-cairo-new-cairo-city-the-5th-settlement-5th-settlement-compounds-eastshire-compound-3399542.html
50,Apartment,"The Square, 5th Settlement Compounds, The 5th Settlement, New Cairo City, Cairo","2,150,000",185 ,https://www.propertyfinder.eg/en/plp/buy/apartment-for-sale-cairo-new-cairo-city-the-5th-settlement-5th-settlement-compounds-the-square-3324987.html
51,Twin House,"Layan Residence, 5th Settlement Compounds, The 5th Settlement, New Cairo City, Cairo","6,800,000",326 ,https://www.propertyfinder.eg/en/plp/buy/twin-house-for-sale-cairo-new-cairo-city-the-5th-settlement-5th-settlement-compounds-layan-residence-3299847.html
52,Apartment,"Mivida, 5th Settlement Compounds, The 5th Settlement, New Cairo City, Cairo","8,500,000",234 ,https://www.propertyfinder.eg/en/plp/buy/apartment-for-sale-cairo-new-cairo-city-the-5th-settlement-5th-settlement-compounds-mivida-3338413.html
53,Villa,"Taj City, 5th Settlement Compounds, The 5th Settlement, New Cairo City, Cairo","4,900,000",165 ,https://www.propertyfinder.eg/en/plp/buy/villa-for-sale-cairo-new-cairo-city-the-5th-settlement-5th-settlement-compounds-taj-city-3429677.html
54,Apartment,"Mivida, 5th Settlement Compounds, The 5th Settlement, New Cairo City, Cairo","3,450,000",148 ,https://www.propertyfinder.eg/en/plp/buy/apartment-for-sale-cairo-new-cairo-city-the-5th-settlement-5th-settlement-compounds-mivida-3366725.html
55,Apartment,"Al Vatican St., Zamalek, Cairo","20,000,000",300 ,https://www.propertyfinder.eg/en/plp/buy/apartment-for-sale-cairo-zamalek-al-vatican-st-3261023.html
56,Villa,"Al Burouj Compound, El Shorouk Compounds, Shorouk City, Cairo","775,000",240 ,https://www.propertyfinder.eg/en/plp/buy/villa-for-sale-cairo-shorouk-city-el-shorouk-compounds-al-burouj-compound-3389936.html
57,Villa,"Hyde Park, 5th Settlement Compounds, The 5th Settlement, New Cairo City, Cairo","7,700,000",327 ,https://www.propertyfinder.eg/en/plp/buy/villa-for-sale-cairo-new-cairo-city-the-5th-settlement-5th-settlement-compounds-hyde-park-3404486.html
58,Apartment,"Villette, 5th Settlement Compounds, The 5th Settlement, New Cairo City, Cairo","6,100,000",199 ,https://www.propertyfinder.eg/en/plp/buy/apartment-for-sale-cairo-new-cairo-city-the-5th-settlement-5th-settlement-compounds-villette-3370287.html
59,Townhouse,"Al Burouj Compound, El Shorouk Compounds, Shorouk City, Cairo","3,700,000",245 ,https://www.propertyfinder.eg/en/plp/buy/townhouse-for-sale-cairo-shorouk-city-el-shorouk-compounds-al-burouj-compound-3164886.html
60,Apartment,"El Patio Oro, 5th Settlement Compounds, The 5th Settlement, New Cairo City, Cairo","3,250,000",164 ,https://www.propertyfinder.eg/en/plp/buy/apartment-for-sale-cairo-new-cairo-city-the-5th-settlement-5th-settlement-compounds-el-patio-oro-3421535.html
61,Apartment,"Lake View Residence, 5th Settlement Compounds, The 5th Settlement, New Cairo City, Cairo","3,700,000",142 ,https://www.propertyfinder.eg/en/plp/buy/apartment-for-sale-cairo-new-cairo-city-the-5th-settlement-5th-settlement-compounds-lake-view-residence-3405042.html
62,Apartment,"El Banafseg 12, El Banafseg, New Cairo City, Cairo","3,600,000",250 ,https://www.propertyfinder.eg/en/plp/buy/apartment-for-sale-cairo-new-cairo-city-el-banafseg-el-banafseg-12-3385764.html
63,Apartment,"Regents Park, Al Andalus District, New Cairo City, Cairo","3,500,000",188 ,https://www.propertyfinder.eg/en/plp/buy/apartment-for-sale-cairo-new-cairo-city-al-andalus-district-regents-park-3392174.html
64,Apartment,"Sarai, Mostakbal City Compounds, Mostakbal City - Future City, Cairo","2,550,000",152 ,https://www.propertyfinder.eg/en/plp/buy/apartment-for-sale-cairo-mostakbal-city-future-city-mostakbal-city-compounds-sarai-3333142.html
65,Townhouse,"District 5, 5th Settlement Compounds, The 5th Settlement, New Cairo City, Cairo","2,900,000",290 ,https://www.propertyfinder.eg/en/plp/buy/townhouse-for-sale-cairo-new-cairo-city-the-5th-settlement-5th-settlement-compounds-district-5-3423044.html
66,Apartment,"Capital Gardens   Palm Hills, Mostakbal City Compounds, Mostakbal City - Future City, Cairo","1,514,000",165 ,https://www.propertyfinder.eg/en/plp/buy/apartment-for-sale-cairo-mostakbal-city-future-city-mostakbal-city-compounds-capital-gardens-palm-hills-3361896.html
67,Apartment,"Mivida, 5th Settlement Compounds, The 5th Settlement, New Cairo City, Cairo","3,850,000",133 ,https://www.propertyfinder.eg/en/plp/buy/apartment-for-sale-cairo-new-cairo-city-the-5th-settlement-5th-settlement-compounds-mivida-3342076.html
68,Apartment,"Castle Landmark, New Capital Compounds, New Capital City, Cairo","344,000",209 ,https://www.propertyfinder.eg/en/plp/buy/apartment-for-sale-cairo-new-capital-city-new-capital-compounds-castle-landmark-3327320.html
69,Penthouse,"Swan Lake Residence, 5th Settlement Compounds, The 5th Settlement, New Cairo City, Cairo","10,300,000",266 ,https://www.propertyfinder.eg/en/plp/buy/penthouse-for-sale-cairo-new-cairo-city-the-5th-settlement-5th-settlement-compounds-swan-lake-residence-3363627.html
70,Villa,"Trio Villas, 5th Settlement Compounds, The 5th Settlement, New Cairo City, Cairo","550,000",240 ,https://www.propertyfinder.eg/en/plp/buy/villa-for-sale-cairo-new-cairo-city-the-5th-settlement-5th-settlement-compounds-trio-villas-3404663.html
71,Villa,"Mivida, 5th Settlement Compounds, The 5th Settlement, New Cairo City, Cairo","26,610,000",391 ,https://www.propertyfinder.eg/en/plp/buy/villa-for-sale-cairo-new-cairo-city-the-5th-settlement-5th-settlement-compounds-mivida-3432711.html
72,Apartment,"Taj City, 5th Settlement Compounds, The 5th Settlement, New Cairo City, Cairo","630,000",266 ,https://www.propertyfinder.eg/en/plp/buy/apartment-for-sale-cairo-new-cairo-city-the-5th-settlement-5th-settlement-compounds-taj-city-3388258.html
73,Villa,"Katameya Dunes, El Katameya Compounds, El Katameya, New Cairo City, Cairo","55,000,000","1,450 ",https://www.propertyfinder.eg/en/plp/buy/villa-for-sale-cairo-new-cairo-city-el-katameya-el-katameya-compounds-katameya-dunes-3426491.html
74,Villa,"Al Shorouk 2000, El Shorouk Compounds, Shorouk City, Cairo","7,800,000",400 ,https://www.propertyfinder.eg/en/plp/buy/villa-for-sale-cairo-shorouk-city-el-shorouk-compounds-al-shorouk-2000-3385830.html
75,Apartment,"Hyde Park, 5th Settlement Compounds, The 5th Settlement, New Cairo City, Cairo","4,970,000",191 ,https://www.propertyfinder.eg/en/plp/buy/apartment-for-sale-cairo-new-cairo-city-the-5th-settlement-5th-settlement-compounds-hyde-park-3296814.html
76,Apartment,"Lake View Residence, 5th Settlement Compounds, The 5th Settlement, New Cairo City, Cairo","4,800,000",215 ,https://www.propertyfinder.eg/en/plp/buy/apartment-for-sale-cairo-new-cairo-city-the-5th-settlement-5th-settlement-compounds-lake-view-residence-3412972.html
77,Apartment,"R7, New Capital City, Cairo","248,000",178 ,https://www.propertyfinder.eg/en/plp/buy/apartment-for-sale-cairo-new-capital-city-r7-3323245.html
78,Villa,"Swan Lake Residence, 5th Settlement Compounds, The 5th Settlement, New Cairo City, Cairo","37,800,000",946 ,https://www.propertyfinder.eg/en/plp/buy/villa-for-sale-cairo-new-cairo-city-the-5th-settlement-5th-settlement-compounds-swan-lake-residence-3433141.html
79,Villa,"Lake View, 5th Settlement Compounds, The 5th Settlement, New Cairo City, Cairo","28,000,000","1,050 ",https://www.propertyfinder.eg/en/plp/buy/villa-for-sale-cairo-new-cairo-city-the-5th-settlement-5th-settlement-compounds-lake-view-3436080.html
80,Apartment,"Rock Vera, 5th Settlement Compounds, The 5th Settlement, New Cairo City, Cairo","1,929,000",158 ,https://www.propertyfinder.eg/en/plp/buy/apartment-for-sale-cairo-new-cairo-city-the-5th-settlement-5th-settlement-compounds-rock-vera-3431539.html
81,Twin House,"Layan Residence, 5th Settlement Compounds, The 5th Settlement, New Cairo City, Cairo","7,500,000",309 ,https://www.propertyfinder.eg/en/plp/buy/twin-house-for-sale-cairo-new-cairo-city-the-5th-settlement-5th-settlement-compounds-layan-residence-3296684.html
82,Villa,"Dyar Compound, 90 Street, The 5th Settlement, New Cairo City, Cairo","10,500,000",730 ,https://www.propertyfinder.eg/en/plp/buy/villa-for-sale-cairo-new-cairo-city-the-5th-settlement-90-street-dyar-compound-3205891.html
83,Apartment,"Eastown, 5th Settlement Compounds, The 5th Settlement, New Cairo City, Cairo","4,200,000",191 ,https://www.propertyfinder.eg/en/plp/buy/apartment-for-sale-cairo-new-cairo-city-the-5th-settlement-5th-settlement-compounds-eastown-3244566.html
84,Duplex,"Sarayat Al Maadi, Hay El Maadi, Cairo","5,500,000",240 ,https://www.propertyfinder.eg/en/plp/buy/duplex-for-sale-cairo-hay-el-maadi-sarayat-al-maadi-3415133.html
85,Apartment,"Mivida, 5th Settlement Compounds, The 5th Settlement, New Cairo City, Cairo","7,500,000",171 ,https://www.propertyfinder.eg/en/plp/buy/apartment-for-sale-cairo-new-cairo-city-the-5th-settlement-5th-settlement-compounds-mivida-3396738.html
86,Apartment,"Eastown, 5th Settlement Compounds, The 5th Settlement, New Cairo City, Cairo","4,500,000",210 ,https://www.propertyfinder.eg/en/plp/buy/apartment-for-sale-cairo-new-cairo-city-the-5th-settlement-5th-settlement-compounds-eastown-3394272.html
87,Apartment,"Stone Residence, 5th Settlement Compounds, The 5th Settlement, New Cairo City, Cairo","2,570,250",175 ,https://www.propertyfinder.eg/en/plp/buy/apartment-for-sale-cairo-new-cairo-city-the-5th-settlement-5th-settlement-compounds-stone-residence-3428970.html
88,Duplex,"Eastown, 5th Settlement Compounds, The 5th Settlement, New Cairo City, Cairo","5,775,000",236 ,https://www.propertyfinder.eg/en/plp/buy/duplex-for-sale-cairo-new-cairo-city-the-5th-settlement-5th-settlement-compounds-eastown-3417171.html
89,Villa,"Madinaty, Cairo","6,800,000",267 ,https://www.propertyfinder.eg/en/plp/buy/villa-for-sale-cairo-madinaty-3261599.html
90,Penthouse,"Granda Life, El Shorouk Compounds, Shorouk City, Cairo","2,875,000",193 ,https://www.propertyfinder.eg/en/plp/buy/penthouse-for-sale-cairo-shorouk-city-el-shorouk-compounds-granda-life-3330167.html
91,Apartment,"Eastown, 5th Settlement Compounds, The 5th Settlement, New Cairo City, Cairo","4,000,000",188 ,https://www.propertyfinder.eg/en/plp/buy/apartment-for-sale-cairo-new-cairo-city-the-5th-settlement-5th-settlement-compounds-eastown-3287829.html
92,Villa,"Lake View, 5th Settlement Compounds, The 5th Settlement, New Cairo City, Cairo","24,000,000",600 ,https://www.propertyfinder.eg/en/plp/buy/villa-for-sale-cairo-new-cairo-city-the-5th-settlement-5th-settlement-compounds-lake-view-3417093.html
93,Apartment,"Palm Hills New Cairo, 5th Settlement Compounds, The 5th Settlement, New Cairo City, Cairo","5,800,000",175 ,https://www.propertyfinder.eg/en/plp/buy/apartment-for-sale-cairo-new-cairo-city-the-5th-settlement-5th-settlement-compounds-palm-hills-new-cairo-3421832.html
94,Apartment,"Roses, New Capital Compounds, New Capital City, Cairo","1,540,000",175 ,https://www.propertyfinder.eg/en/plp/buy/apartment-for-sale-cairo-new-capital-city-new-capital-compounds-roses-3199064.html
95,Apartment,"IL Bosco, New Capital Compounds, New Capital City, Cairo","2,200,000",160 ,https://www.propertyfinder.eg/en/plp/buy/apartment-for-sale-cairo-new-capital-city-new-capital-compounds-il-bosco-3327245.html
96,Penthouse,"Fifth Square, North Investors Area, New Cairo City, Cairo","4,700,000",174 ,https://www.propertyfinder.eg/en/plp/buy/penthouse-for-sale-cairo-new-cairo-city-north-investors-area-fifth-square-3287682.html
97,Villa,"Villette, 5th Settlement Compounds, The 5th Settlement, New Cairo City, Cairo","17,000,000",777 ,https://www.propertyfinder.eg/en/plp/buy/villa-for-sale-cairo-new-cairo-city-the-5th-settlement-5th-settlement-compounds-villette-3376427.html
98,Villa,"Katameya Heights, El Katameya Compounds, El Katameya, New Cairo City, Cairo","33,000,000",450 ,https://www.propertyfinder.eg/en/plp/buy/villa-for-sale-cairo-new-cairo-city-el-katameya-el-katameya-compounds-katameya-heights-3344927.html
99,Villa,"Stei8ht, The 1st Settlement, New Cairo City, Cairo","14,800,000",330 ,https://www.propertyfinder.eg/en/plp/buy/villa-for-sale-cairo-new-cairo-city-the-1st-settlement-stei8ht-3418359.html
100,Villa,"Stei8ht, The 1st Settlement, New Cairo City, Cairo","14,800,000",330 ,https://www.propertyfinder.eg/en/plp/buy/villa-for-sale-cairo-new-cairo-city-the-1st-settlement-stei8ht-3418359.html
101,Apartment,"Al Maqsad, New Capital Compounds, New Capital City, Cairo","2,477,568",144 ,https://www.propertyfinder.eg/en/plp/buy/apartment-for-sale-cairo-new-capital-city-new-capital-compounds-al-maqsad-3435331.html
102,Apartment,"Cairo Festival City, North Investors Area, New Cairo City, Cairo","6,250,000",200 ,https://www.propertyfinder.eg/en/plp/buy/apartment-for-sale-cairo-new-cairo-city-north-investors-area-cairo-festival-city-3366822.html
103,Apartment,"El Patio 7, 5th Settlement Compounds, The 5th Settlement, New Cairo City, Cairo","5,300,000",165 ,https://www.propertyfinder.eg/en/plp/buy/apartment-for-sale-cairo-new-cairo-city-the-5th-settlement-5th-settlement-compounds-el-patio-7-3413374.html
104,Apartment,"La Fontaine Province, 5th Settlement Compounds, The 5th Settlement, New Cairo City, Cairo","3,463,793",142 ,https://www.propertyfinder.eg/en/plp/buy/apartment-for-sale-cairo-new-cairo-city-the-5th-settlement-5th-settlement-compounds-la-fontaine-province-3348049.html
105,Apartment,"Sarai, Mostakbal City Compounds, Mostakbal City - Future City, Cairo","241,000",144 ,https://www.propertyfinder.eg/en/plp/buy/apartment-for-sale-cairo-mostakbal-city-future-city-mostakbal-city-compounds-sarai-3351201.html
106,Apartment,"Lake View Residence, 5th Settlement Compounds, The 5th Settlement, New Cairo City, Cairo","5,200,000",191 ,https://www.propertyfinder.eg/en/plp/buy/apartment-for-sale-cairo-new-cairo-city-the-5th-settlement-5th-settlement-compounds-lake-view-residence-3400339.html
107,Apartment,"Taj City, 5th Settlement Compounds, The 5th Settlement, New Cairo City, Cairo","1,830,000",150 ,https://www.propertyfinder.eg/en/plp/buy/apartment-for-sale-cairo-new-cairo-city-the-5th-settlement-5th-settlement-compounds-taj-city-3434371.html
108,Penthouse,"Lake View Residence, 5th Settlement Compounds, The 5th Settlement, New Cairo City, Cairo","6,800,000",272 ,https://www.propertyfinder.eg/en/plp/buy/penthouse-for-sale-cairo-new-cairo-city-the-5th-settlement-5th-settlement-compounds-lake-view-residence-3431246.html
109,Apartment,"Galleria Residences, South Investors Area, New Cairo City, Cairo","1,580,000",125 ,https://www.propertyfinder.eg/en/plp/buy/apartment-for-sale-cairo-new-cairo-city-south-investors-area-galleria-residences-3336278.html
110,Apartment,"Sarai, Mostakbal City Compounds, Mostakbal City - Future City, Cairo","283,000",165 ,https://www.propertyfinder.eg/en/plp/buy/apartment-for-sale-cairo-mostakbal-city-future-city-mostakbal-city-compounds-sarai-3367520.html
111,Villa,"Cairo Festival City, North Investors Area, New Cairo City, Cairo","11,750,000",323 ,https://www.propertyfinder.eg/en/plp/buy/villa-for-sale-cairo-new-cairo-city-north-investors-area-cairo-festival-city-3392133.html
112,Apartment,"Mountain View iCity, 5th Settlement Compounds, The 5th Settlement, New Cairo City, Cairo","2,771,000",170 ,https://www.propertyfinder.eg/en/plp/buy/apartment-for-sale-cairo-new-cairo-city-the-5th-settlement-5th-settlement-compounds-mountain-view-icity-3335710.html
113,Apartment,"De Joya, New Capital Compounds, New Capital City, Cairo","2,790,000",145 ,https://www.propertyfinder.eg/en/plp/buy/apartment-for-sale-cairo-new-capital-city-new-capital-compounds-de-joya-3188224.html
114,Apartment,"Hyde Park, 5th Settlement Compounds, The 5th Settlement, New Cairo City, Cairo","1,212,703",187 ,https://www.propertyfinder.eg/en/plp/buy/apartment-for-sale-cairo-new-cairo-city-the-5th-settlement-5th-settlement-compounds-hyde-park-3285558.html
115,Apartment,"Lake View Residence, 5th Settlement Compounds, The 5th Settlement, New Cairo City, Cairo","2,800,000",142 ,https://www.propertyfinder.eg/en/plp/buy/apartment-for-sale-cairo-new-cairo-city-the-5th-settlement-5th-settlement-compounds-lake-view-residence-3412914.html
116,Apartment,"Fifth Square, North Investors Area, New Cairo City, Cairo","2,915,000",90 ,https://www.propertyfinder.eg/en/plp/buy/apartment-for-sale-cairo-new-cairo-city-north-investors-area-fifth-square-3413989.html
117,Apartment,"Taj City, 5th Settlement Compounds, The 5th Settlement, New Cairo City, Cairo","1,900,000",130 ,https://www.propertyfinder.eg/en/plp/buy/apartment-for-sale-cairo-new-cairo-city-the-5th-settlement-5th-settlement-compounds-taj-city-3432637.html
118,iVilla,"Mountain View iCity, 5th Settlement Compounds, The 5th Settlement, New Cairo City, Cairo","3,600,000",218 ,https://www.propertyfinder.eg/en/plp/buy/ivilla-for-sale-cairo-new-cairo-city-the-5th-settlement-5th-settlement-compounds-mountain-view-icity-3410998.html
119,Townhouse,"Palm Hills New Cairo, 5th Settlement Compounds, The 5th Settlement, New Cairo City, Cairo",Askforprice,226 ,https://www.propertyfinder.eg/en/plp/buy/townhouse-for-sale-cairo-new-cairo-city-the-5th-settlement-5th-settlement-compounds-palm-hills-new-cairo-3369597.html
120,Villa,"Hyde Park, 5th Settlement Compounds, The 5th Settlement, New Cairo City, Cairo","1,700,000",505 ,https://www.propertyfinder.eg/en/plp/buy/villa-for-sale-cairo-new-cairo-city-the-5th-settlement-5th-settlement-compounds-hyde-park-3420764.html
121,Apartment,"North Lotus, El Lotus, New Cairo City, Cairo","1,525,000",179 ,https://www.propertyfinder.eg/en/plp/buy/apartment-for-sale-cairo-new-cairo-city-el-lotus-north-lotus-2970731.html
122,Apartment,"Cairo Festival City, North Investors Area, New Cairo City, Cairo","6,598,000",160 ,https://www.propertyfinder.eg/en/plp/buy/apartment-for-sale-cairo-new-cairo-city-north-investors-area-cairo-festival-city-3336004.html
123,Apartment,"Capital Gardens   Palm Hills, Mostakbal City Compounds, Mostakbal City - Future City, Cairo","2,450,000",168 ,https://www.propertyfinder.eg/en/plp/buy/apartment-for-sale-cairo-mostakbal-city-future-city-mostakbal-city-compounds-capital-gardens-palm-hills-3405161.html
124,Villa,"Palm Hills New Cairo, 5th Settlement Compounds, The 5th Settlement, New Cairo City, Cairo","20,000,000",800 ,https://www.propertyfinder.eg/en/plp/buy/villa-for-sale-cairo-new-cairo-city-the-5th-settlement-5th-settlement-compounds-palm-hills-new-cairo-2996435.html
125,Apartment,"HAP Town, Mostakbal City Compounds, Mostakbal City - Future City, Cairo","2,570,200",168 ,https://www.propertyfinder.eg/en/plp/buy/apartment-for-sale-cairo-mostakbal-city-future-city-mostakbal-city-compounds-hap-town-3403559.html
126,Twin House,"Mivida, 5th Settlement Compounds, The 5th Settlement, New Cairo City, Cairo","13,500,000",309 ,https://www.propertyfinder.eg/en/plp/buy/twin-house-for-sale-cairo-new-cairo-city-the-5th-settlement-5th-settlement-compounds-mivida-3429180.html
127,Villa,"Vinci, New Capital Compounds, New Capital City, Cairo","364,000",309 ,https://www.propertyfinder.eg/en/plp/buy/villa-for-sale-cairo-new-capital-city-new-capital-compounds-vinci-3407486.html
128,Penthouse,"Fifth Square, North Investors Area, New Cairo City, Cairo","4,700,000",187 ,https://www.propertyfinder.eg/en/plp/buy/penthouse-for-sale-cairo-new-cairo-city-north-investors-area-fifth-square-3423047.html
129,Apartment,"Galleria Moon Valley, South Investors Area, New Cairo City, Cairo","1,600,000",153 ,https://www.propertyfinder.eg/en/plp/buy/apartment-for-sale-cairo-new-cairo-city-south-investors-area-galleria-moon-valley-3407974.html
130,Apartment,"De Joya, New Capital Compounds, New Capital City, Cairo","268,000",180 ,https://www.propertyfinder.eg/en/plp/buy/apartment-for-sale-cairo-new-capital-city-new-capital-compounds-de-joya-3380468.html
131,Villa,"Vinci, New Capital Compounds, New Capital City, Cairo","300,000",253 ,https://www.propertyfinder.eg/en/plp/buy/villa-for-sale-cairo-new-capital-city-new-capital-compounds-vinci-3400697.html
132,Villa,"Taj City, 5th Settlement Compounds, The 5th Settlement, New Cairo City, Cairo","4,300,000",147 ,https://www.propertyfinder.eg/en/plp/buy/villa-for-sale-cairo-new-cairo-city-the-5th-settlement-5th-settlement-compounds-taj-city-3418089.html
133,Apartment,"El Patio Oro, 5th Settlement Compounds, The 5th Settlement, New Cairo City, Cairo","2,700,000",120 ,https://www.propertyfinder.eg/en/plp/buy/apartment-for-sale-cairo-new-cairo-city-the-5th-settlement-5th-settlement-compounds-el-patio-oro-3401872.html
134,Villa,"Hyde Park, 5th Settlement Compounds, The 5th Settlement, New Cairo City, Cairo","1,200,000",315 ,https://www.propertyfinder.eg/en/plp/buy/villa-for-sale-cairo-new-cairo-city-the-5th-settlement-5th-settlement-compounds-hyde-park-3420728.html
135,Apartment,"Cairo Festival City, North Investors Area, New Cairo City, Cairo","6,500,000",210 ,https://www.propertyfinder.eg/en/plp/buy/apartment-for-sale-cairo-new-cairo-city-north-investors-area-cairo-festival-city-3193632.html
136,Villa,"Katameya Heights, El Katameya Compounds, El Katameya, New Cairo City, Cairo","48,300,000",900 ,https://www.propertyfinder.eg/en/plp/buy/villa-for-sale-cairo-new-cairo-city-el-katameya-el-katameya-compounds-katameya-heights-3412413.html
137,Apartment,"Stone Residence, 5th Settlement Compounds, The 5th Settlement, New Cairo City, Cairo","2,000,000",155 ,https://www.propertyfinder.eg/en/plp/buy/apartment-for-sale-cairo-new-cairo-city-the-5th-settlement-5th-settlement-compounds-stone-residence-3404553.html
138,Villa,"Cairo Festival City, North Investors Area, New Cairo City, Cairo","30,000,000",800 ,https://www.propertyfinder.eg/en/plp/buy/villa-for-sale-cairo-new-cairo-city-north-investors-area-cairo-festival-city-3343274.html
139,Apartment,"Sarai, Mostakbal City Compounds, Mostakbal City - Future City, Cairo","1,850,000",164 ,https://www.propertyfinder.eg/en/plp/buy/apartment-for-sale-cairo-mostakbal-city-future-city-mostakbal-city-compounds-sarai-3406661.html
140,Villa,"The Wonder Marq, Mostakbal City Compounds, Mostakbal City - Future City, Cairo","203,500",175 ,https://www.propertyfinder.eg/en/plp/buy/villa-for-sale-cairo-mostakbal-city-future-city-mostakbal-city-compounds-the-wonder-marq-3431588.html
141,Hotel Apartment,"D-Square, Downtown Area, New Capital City, Cairo","1,950,000",65 ,https://www.propertyfinder.eg/en/plp/buy/hotel-apartment-for-sale-cairo-new-capital-city-downtown-area-d-square-3281744.html
142,Apartment,"Valore, Sheraton Al Matar, El Nozha, Cairo","764,400",182 ,https://www.propertyfinder.eg/en/plp/buy/apartment-for-sale-cairo-el-nozha-sheraton-al-matar-valore-3348763.html
143,Penthouse,"Galleria Moon Valley, South Investors Area, New Cairo City, Cairo","480,000",167 ,https://www.propertyfinder.eg/en/plp/buy/penthouse-for-sale-cairo-new-cairo-city-south-investors-area-galleria-moon-valley-3416023.html
144,Apartment,"District 5 Residences, El Katameya Compounds, El Katameya, New Cairo City, Cairo","2,000,000",161 ,https://www.propertyfinder.eg/en/plp/buy/apartment-for-sale-cairo-new-cairo-city-el-katameya-el-katameya-compounds-district-5-residences-3420575.html
145,Villa,"Azzar 2, 5th Settlement Compounds, The 5th Settlement, New Cairo City, Cairo","8,550,000",175 ,https://www.propertyfinder.eg/en/plp/buy/villa-for-sale-cairo-new-cairo-city-the-5th-settlement-5th-settlement-compounds-azzar-2-3153941.html
146,Apartment,"Lake View Residence, 5th Settlement Compounds, The 5th Settlement, New Cairo City, Cairo","2,800,000",142 ,https://www.propertyfinder.eg/en/plp/buy/apartment-for-sale-cairo-new-cairo-city-the-5th-settlement-5th-settlement-compounds-lake-view-residence-3412909.html
147,Villa,"Hyde Park, 5th Settlement Compounds, The 5th Settlement, New Cairo City, Cairo","14,000,000",475 ,https://www.propertyfinder.eg/en/plp/buy/villa-for-sale-cairo-new-cairo-city-the-5th-settlement-5th-settlement-compounds-hyde-park-3087443.html
148,Twin House,"Hyde Park, 5th Settlement Compounds, The 5th Settlement, New Cairo City, Cairo","7,200,000",314 ,https://www.propertyfinder.eg/en/plp/buy/twin-house-for-sale-cairo-new-cairo-city-the-5th-settlement-5th-settlement-compounds-hyde-park-3339873.html
149,Villa,"Vinci, New Capital Compounds, New Capital City, Cairo","7,350,000",262 ,https://www.propertyfinder.eg/en/plp/buy/villa-for-sale-cairo-new-capital-city-new-capital-compounds-vinci-3402430.html
150,Apartment,"Stone Residence, 5th Settlement Compounds, The 5th Settlement, New Cairo City, Cairo","2,265,000",175 ,https://www.propertyfinder.eg/en/plp/buy/apartment-for-sale-cairo-new-cairo-city-the-5th-settlement-5th-settlement-compounds-stone-residence-3411106.html
151,Apartment,"Villette, 5th Settlement Compounds, The 5th Settlement, New Cairo City, Cairo","4,470,000",188 ,https://www.propertyfinder.eg/en/plp/buy/apartment-for-sale-cairo-new-cairo-city-the-5th-settlement-5th-settlement-compounds-villette-3356990.html
152,Duplex,"Zed East, 5th Settlement Compounds, The 5th Settlement, New Cairo City, Cairo","1,500,000",248 ,https://www.propertyfinder.eg/en/plp/buy/duplex-for-sale-cairo-new-cairo-city-the-5th-settlement-5th-settlement-compounds-zed-east-3435856.html
153,Apartment,"Patio Casa, El Patio, El Shorouk Compounds, Shorouk City, Cairo","2,800,000",165 ,https://www.propertyfinder.eg/en/plp/buy/apartment-for-sale-cairo-shorouk-city-el-shorouk-compounds-el-patio-patio-casa-3346171.html
154,Villa,"Swan Lake Residence, 5th Settlement Compounds, The 5th Settlement, New Cairo City, Cairo","38,000,000",824 ,https://www.propertyfinder.eg/en/plp/buy/villa-for-sale-cairo-new-cairo-city-the-5th-settlement-5th-settlement-compounds-swan-lake-residence-3396927.html
155,Apartment,"Sarai, Mostakbal City Compounds, Mostakbal City - Future City, Cairo","237,000",156 ,https://www.propertyfinder.eg/en/plp/buy/apartment-for-sale-cairo-mostakbal-city-future-city-mostakbal-city-compounds-sarai-3367368.html
156,Villa,"Swan Lake Residence, 5th Settlement Compounds, The 5th Settlement, New Cairo City, Cairo","21,000,000",485 ,https://www.propertyfinder.eg/en/plp/buy/villa-for-sale-cairo-new-cairo-city-the-5th-settlement-5th-settlement-compounds-swan-lake-residence-3406405.html
157,Villa,"Taj City, 5th Settlement Compounds, The 5th Settlement, New Cairo City, Cairo","5,300,000",180 ,https://www.propertyfinder.eg/en/plp/buy/villa-for-sale-cairo-new-cairo-city-the-5th-settlement-5th-settlement-compounds-taj-city-3418149.html
158,Villa,"Hyde Park, 5th Settlement Compounds, The 5th Settlement, New Cairo City, Cairo","9,850,000",375 ,https://www.propertyfinder.eg/en/plp/buy/villa-for-sale-cairo-new-cairo-city-the-5th-settlement-5th-settlement-compounds-hyde-park-3338099.html
159,Apartment,"Nile Business City, Downtown Area, New Capital City, Cairo","3,000,000",60 ,https://www.propertyfinder.eg/en/plp/buy/apartment-for-sale-cairo-new-capital-city-downtown-area-nile-business-city-3289408.html
160,Villa,"Al Burouj Compound, El Shorouk Compounds, Shorouk City, Cairo","950,000",280 ,https://www.propertyfinder.eg/en/plp/buy/villa-for-sale-cairo-shorouk-city-el-shorouk-compounds-al-burouj-compound-3415942.html
161,Villa,"Cairo Festival City, North Investors Area, New Cairo City, Cairo","22,000,000",718 ,https://www.propertyfinder.eg/en/plp/buy/villa-for-sale-cairo-new-cairo-city-north-investors-area-cairo-festival-city-3364992.html
162,Townhouse,"Zed East, 5th Settlement Compounds, The 5th Settlement, New Cairo City, Cairo","9,500,000",265 ,https://www.propertyfinder.eg/en/plp/buy/townhouse-for-sale-cairo-new-cairo-city-the-5th-settlement-5th-settlement-compounds-zed-east-3399347.html
163,Apartment,"Hyde Park, 5th Settlement Compounds, The 5th Settlement, New Cairo City, Cairo","4,700,000",220 ,https://www.propertyfinder.eg/en/plp/buy/apartment-for-sale-cairo-new-cairo-city-the-5th-settlement-5th-settlement-compounds-hyde-park-3409714.html
164,Twin House,"Palm Hills Kattameya, El Katameya Compounds, El Katameya, New Cairo City, Cairo","8,000,000",365 ,https://www.propertyfinder.eg/en/plp/buy/twin-house-for-sale-cairo-new-cairo-city-el-katameya-el-katameya-compounds-palm-hills-kattameya-3402334.html
165,Apartment,"R7, New Capital City, Cairo","7,418,000",260 ,https://www.propertyfinder.eg/en/plp/buy/apartment-for-sale-cairo-new-capital-city-r7-3287460.html
166,Villa,"Mivida, 5th Settlement Compounds, The 5th Settlement, New Cairo City, Cairo","30,000,000",520 ,https://www.propertyfinder.eg/en/plp/buy/villa-for-sale-cairo-new-cairo-city-the-5th-settlement-5th-settlement-compounds-mivida-3429261.html
167,Duplex,"Eastown, 5th Settlement Compounds, The 5th Settlement, New Cairo City, Cairo","6,250,000",240 ,https://www.propertyfinder.eg/en/plp/buy/duplex-for-sale-cairo-new-cairo-city-the-5th-settlement-5th-settlement-compounds-eastown-3355075.html
168,Twin House,"Al Maqsad, New Capital Compounds, New Capital City, Cairo","9,500,000",426 ,https://www.propertyfinder.eg/en/plp/buy/twin-house-for-sale-cairo-new-capital-city-new-capital-compounds-al-maqsad-3406706.html
169,Villa,"Villette, 5th Settlement Compounds, The 5th Settlement, New Cairo City, Cairo","15,500,000",440 ,https://www.propertyfinder.eg/en/plp/buy/villa-for-sale-cairo-new-cairo-city-the-5th-settlement-5th-settlement-compounds-villette-3399105.html
170,Villa,"Al Hayah Residence, 3rd District West, Shorouk City, Cairo","15,000,000",735 ,https://www.propertyfinder.eg/en/plp/buy/villa-for-sale-cairo-shorouk-city-3rd-district-west-al-hayah-residence-3417607.html
171,Apartment,"Lake View Residence, 5th Settlement Compounds, The 5th Settlement, New Cairo City, Cairo","3,360,000",144 ,https://www.propertyfinder.eg/en/plp/buy/apartment-for-sale-cairo-new-cairo-city-the-5th-settlement-5th-settlement-compounds-lake-view-residence-3349176.html
172,Townhouse,"Al Burouj Compound, El Shorouk Compounds, Shorouk City, Cairo","5,500,000",200 ,https://www.propertyfinder.eg/en/plp/buy/townhouse-for-sale-cairo-shorouk-city-el-shorouk-compounds-al-burouj-compound-3433067.html
173,Penthouse,"Stone Residence, 5th Settlement Compounds, The 5th Settlement, New Cairo City, Cairo","3,400,000",175 ,https://www.propertyfinder.eg/en/plp/buy/penthouse-for-sale-cairo-new-cairo-city-the-5th-settlement-5th-settlement-compounds-stone-residence-3344098.html
174,Apartment,"Mivida, 5th Settlement Compounds, The 5th Settlement, New Cairo City, Cairo","1,650,000",199 ,https://www.propertyfinder.eg/en/plp/buy/apartment-for-sale-cairo-new-cairo-city-the-5th-settlement-5th-settlement-compounds-mivida-3430277.html
175,Townhouse,"Sodic East, 6th District, New Heliopolis, Cairo","6,000,000",240 ,https://www.propertyfinder.eg/en/plp/buy/townhouse-for-sale-cairo-new-heliopolis-6th-district-sodic-east-3433192.html
176,Apartment,"Sarai, Mostakbal City Compounds, Mostakbal City - Future City, Cairo","1,530,000",164 ,https://www.propertyfinder.eg/en/plp/buy/apartment-for-sale-cairo-mostakbal-city-future-city-mostakbal-city-compounds-sarai-3289350.html
177,Duplex,"Eastown, 5th Settlement Compounds, The 5th Settlement, New Cairo City, Cairo","6,300,000",240 ,https://www.propertyfinder.eg/en/plp/buy/duplex-for-sale-cairo-new-cairo-city-the-5th-settlement-5th-settlement-compounds-eastown-3282584.html
178,Apartment,"Mountain View iCity, 5th Settlement Compounds, The 5th Settlement, New Cairo City, Cairo","2,185,000",165 ,https://www.propertyfinder.eg/en/plp/buy/apartment-for-sale-cairo-new-cairo-city-the-5th-settlement-5th-settlement-compounds-mountain-view-icity-3427477.html
179,Hotel Apartment,"Cornish El Nile St., Maadi, Hay El Maadi, Cairo","30,000,000",416 ,https://www.propertyfinder.eg/en/plp/buy/hotel-apartment-for-sale-cairo-hay-el-maadi-maadi-cornish-el-nile-st-3402827.html
180,Duplex,"Nasr St., Hay El Maadi, Cairo","2,500,000",250 ,https://www.propertyfinder.eg/en/plp/buy/duplex-for-sale-cairo-hay-el-maadi-nasr-st-3401849.html
181,Duplex,"Zed East, 5th Settlement Compounds, The 5th Settlement, New Cairo City, Cairo","7,000,000",225 ,https://www.propertyfinder.eg/en/plp/buy/duplex-for-sale-cairo-new-cairo-city-the-5th-settlement-5th-settlement-compounds-zed-east-3381391.html
182,Villa,"The Wonder Marq, Mostakbal City Compounds, Mostakbal City - Future City, Cairo","407,000",175 ,https://www.propertyfinder.eg/en/plp/buy/villa-for-sale-cairo-mostakbal-city-future-city-mostakbal-city-compounds-the-wonder-marq-3421751.html
183,Apartment,"Sarai, Mostakbal City Compounds, Mostakbal City - Future City, Cairo","2,688,806",169 ,https://www.propertyfinder.eg/en/plp/buy/apartment-for-sale-cairo-mostakbal-city-future-city-mostakbal-city-compounds-sarai-3421372.html
184,Apartment,"Hyde Park, 5th Settlement Compounds, The 5th Settlement, New Cairo City, Cairo","342,000",173 ,https://www.propertyfinder.eg/en/plp/buy/apartment-for-sale-cairo-new-cairo-city-the-5th-settlement-5th-settlement-compounds-hyde-park-3358673.html
185,Villa,"Palm Hills Kattameya, El Katameya Compounds, El Katameya, New Cairo City, Cairo","18,500,000","1,400 ",https://www.propertyfinder.eg/en/plp/buy/villa-for-sale-cairo-new-cairo-city-el-katameya-el-katameya-compounds-palm-hills-kattameya-3426468.html
186,Apartment,"Ahmed Heshmat St., Zamalek, Cairo","11,000,000",320 ,https://www.propertyfinder.eg/en/plp/buy/apartment-for-sale-cairo-zamalek-ahmed-heshmat-st-3396487.html
187,Apartment,"Acasa, 5th Settlement Compounds, The 5th Settlement, New Cairo City, Cairo","385,000",255 ,https://www.propertyfinder.eg/en/plp/buy/apartment-for-sale-cairo-new-cairo-city-the-5th-settlement-5th-settlement-compounds-acasa-3341852.html
188,Apartment,"Hyde Park, 5th Settlement Compounds, The 5th Settlement, New Cairo City, Cairo","3,625,000",172 ,https://www.propertyfinder.eg/en/plp/buy/apartment-for-sale-cairo-new-cairo-city-the-5th-settlement-5th-settlement-compounds-hyde-park-3395007.html
189,Twin House,"La Vista City, New Capital Compounds, New Capital City, Cairo","8,992,000",290 ,https://www.propertyfinder.eg/en/plp/buy/twin-house-for-sale-cairo-new-capital-city-new-capital-compounds-la-vista-city-3403874.html
190,Villa,"Sarai, Mostakbal City Compounds, Mostakbal City - Future City, Cairo","3,800,000",295 ,https://www.propertyfinder.eg/en/plp/buy/villa-for-sale-cairo-mostakbal-city-future-city-mostakbal-city-compounds-sarai-3380569.html
191,Apartment,"Sarayat Al Maadi, Hay El Maadi, Cairo","5,100,000",280 ,https://www.propertyfinder.eg/en/plp/buy/apartment-for-sale-cairo-hay-el-maadi-sarayat-al-maadi-3331143.html
192,Apartment,"Park View, North Investors Area, New Cairo City, Cairo","5,850,000",215 ,https://www.propertyfinder.eg/en/plp/buy/apartment-for-sale-cairo-new-cairo-city-north-investors-area-park-view-3345093.html
193,Apartment,"Palm Hills Katameya Extension, 5th Settlement Compounds, The 5th Settlement, New Cairo City, Cairo","4,575,000",180 ,https://www.propertyfinder.eg/en/plp/buy/apartment-for-sale-cairo-new-cairo-city-the-5th-settlement-5th-settlement-compounds-palm-hills-katameya-extension-3405917.html
194,Villa,"Palm Hills Katameya Extension, 5th Settlement Compounds, The 5th Settlement, New Cairo City, Cairo","11,000,000",400 ,https://www.propertyfinder.eg/en/plp/buy/villa-for-sale-cairo-new-cairo-city-the-5th-settlement-5th-settlement-compounds-palm-hills-katameya-extension-3305006.html
195,Duplex,"Rivan, New Capital Compounds, New Capital City, Cairo","7,374,522",396 ,https://www.propertyfinder.eg/en/plp/buy/duplex-for-sale-cairo-new-capital-city-new-capital-compounds-rivan-3419685.html
196,Apartment,"Villette, 5th Settlement Compounds, The 5th Settlement, New Cairo City, Cairo","4,150,000",130 ,https://www.propertyfinder.eg/en/plp/buy/apartment-for-sale-cairo-new-cairo-city-the-5th-settlement-5th-settlement-compounds-villette-3381908.html
197,Villa,"Al Shorouk Springs, El Shorouk Compounds, Shorouk City, Cairo","7,000,000",450 ,https://www.propertyfinder.eg/en/plp/buy/villa-for-sale-cairo-shorouk-city-el-shorouk-compounds-al-shorouk-springs-3371283.html
198,Apartment,"Azad, 5th Settlement Compounds, The 5th Settlement, New Cairo City, Cairo","225,000",145 ,https://www.propertyfinder.eg/en/plp/buy/apartment-for-sale-cairo-new-cairo-city-the-5th-settlement-5th-settlement-compounds-azad-3420533.html
199,Apartment,"Lake View Residence, 5th Settlement Compounds, The 5th Settlement, New Cairo City, Cairo","2,750,000",142 ,https://www.propertyfinder.eg/en/plp/buy/apartment-for-sale-cairo-new-cairo-city-the-5th-settlement-5th-settlement-compounds-lake-view-residence-3402758.html
200,Villa,"Celesta Hills, Uptown Cairo, Mokattam, Cairo","14,620,000",305 ,https://www.propertyfinder.eg/en/plp/buy/villa-for-sale-cairo-mokattam-uptown-cairo-celesta-hills-3409537.html
201,Apartment,"Rivan, New Capital Compounds, New Capital City, Cairo","4,160,123",211 ,https://www.propertyfinder.eg/en/plp/buy/apartment-for-sale-cairo-new-capital-city-new-capital-compounds-rivan-3432473.html
202,Townhouse,"Layan Residence, 5th Settlement Compounds, The 5th Settlement, New Cairo City, Cairo","6,150,000",300 ,https://www.propertyfinder.eg/en/plp/buy/townhouse-for-sale-cairo-new-cairo-city-the-5th-settlement-5th-settlement-compounds-layan-residence-3429898.html
203,Apartment,"Sarai, Mostakbal City Compounds, Mostakbal City - Future City, Cairo","319,610",165 ,https://www.propertyfinder.eg/en/plp/buy/apartment-for-sale-cairo-mostakbal-city-future-city-mostakbal-city-compounds-sarai-3421533.html
204,Apartment,"The Village, South Investors Area, New Cairo City, Cairo","1,800,000",88 ,https://www.propertyfinder.eg/en/plp/buy/apartment-for-sale-cairo-new-cairo-city-south-investors-area-the-village-3361680.html
205,Apartment,"Madinaty, Cairo","2,200,000",103 ,https://www.propertyfinder.eg/en/plp/buy/apartment-for-sale-cairo-madinaty-3421450.html
206,Apartment,"Capital Gardens   Palm Hills, Mostakbal City Compounds, Mostakbal City - Future City, Cairo","1,530,000",163 ,https://www.propertyfinder.eg/en/plp/buy/apartment-for-sale-cairo-mostakbal-city-future-city-mostakbal-city-compounds-capital-gardens-palm-hills-3393297.html
207,Apartment,"Midtown, South Investors Area, New Cairo City, Cairo","2,650,000",185 ,https://www.propertyfinder.eg/en/plp/buy/apartment-for-sale-cairo-new-cairo-city-south-investors-area-midtown-3366343.html
208,Apartment,"Mountain View iCity, 5th Settlement Compounds, The 5th Settlement, New Cairo City, Cairo","2,827,230",115 ,https://www.propertyfinder.eg/en/plp/buy/apartment-for-sale-cairo-new-cairo-city-the-5th-settlement-5th-settlement-compounds-mountain-view-icity-3347104.html
209,Apartment,"Fifth Square, North Investors Area, New Cairo City, Cairo","267,380",180 ,https://www.propertyfinder.eg/en/plp/buy/apartment-for-sale-cairo-new-cairo-city-north-investors-area-fifth-square-3435625.html
210,iVilla,"Mountain View iCity, 5th Settlement Compounds, The 5th Settlement, New Cairo City, Cairo","700,000",285 ,https://www.propertyfinder.eg/en/plp/buy/ivilla-for-sale-cairo-new-cairo-city-the-5th-settlement-5th-settlement-compounds-mountain-view-icity-3336719.html
211,Villa,"Villette, 5th Settlement Compounds, The 5th Settlement, New Cairo City, Cairo","14,500,000",430 ,https://www.propertyfinder.eg/en/plp/buy/villa-for-sale-cairo-new-cairo-city-the-5th-settlement-5th-settlement-compounds-villette-3342689.html
212,Villa,"Katameya Dunes, El Katameya Compounds, El Katameya, New Cairo City, Cairo","61,500,000",380 ,https://www.propertyfinder.eg/en/plp/buy/villa-for-sale-cairo-new-cairo-city-el-katameya-el-katameya-compounds-katameya-dunes-3323873.html
213,Penthouse,"Hyde Park, 5th Settlement Compounds, The 5th Settlement, New Cairo City, Cairo","3,350,000",206 ,https://www.propertyfinder.eg/en/plp/buy/penthouse-for-sale-cairo-new-cairo-city-the-5th-settlement-5th-settlement-compounds-hyde-park-3193041.html
214,Apartment,"Rivan, New Capital Compounds, New Capital City, Cairo","3,559,670",164 ,https://www.propertyfinder.eg/en/plp/buy/apartment-for-sale-cairo-new-capital-city-new-capital-compounds-rivan-3432022.html
215,Villa,"Hyde Park, 5th Settlement Compounds, The 5th Settlement, New Cairo City, Cairo","12,850,000",374 ,https://www.propertyfinder.eg/en/plp/buy/villa-for-sale-cairo-new-cairo-city-the-5th-settlement-5th-settlement-compounds-hyde-park-3392127.html
216,Villa,"Palm Hills Katameya Extension, 5th Settlement Compounds, The 5th Settlement, New Cairo City, Cairo","10,250,000",380 ,https://www.propertyfinder.eg/en/plp/buy/villa-for-sale-cairo-new-cairo-city-the-5th-settlement-5th-settlement-compounds-palm-hills-katameya-extension-3409574.html
217,Apartment,"IL Bosco, New Capital Compounds, New Capital City, Cairo","200,000",181 ,https://www.propertyfinder.eg/en/plp/buy/apartment-for-sale-cairo-new-capital-city-new-capital-compounds-il-bosco-3314197.html
218,Townhouse,"Palm Hills New Cairo, 5th Settlement Compounds, The 5th Settlement, New Cairo City, Cairo","1,268,000",268 ,https://www.propertyfinder.eg/en/plp/buy/townhouse-for-sale-cairo-new-cairo-city-the-5th-settlement-5th-settlement-compounds-palm-hills-new-cairo-3389932.html
219,Apartment,"Midtown, South Investors Area, New Cairo City, Cairo","3,250,000",225 ,https://www.propertyfinder.eg/en/plp/buy/apartment-for-sale-cairo-new-cairo-city-south-investors-area-midtown-3329225.html
220,Villa,"Hyde Park, 5th Settlement Compounds, The 5th Settlement, New Cairo City, Cairo","1,500,000",460 ,https://www.propertyfinder.eg/en/plp/buy/villa-for-sale-cairo-new-cairo-city-the-5th-settlement-5th-settlement-compounds-hyde-park-3283130.html
221,Apartment,"Swan Lake Residence, 5th Settlement Compounds, The 5th Settlement, New Cairo City, Cairo","11,000,000",165 ,https://www.propertyfinder.eg/en/plp/buy/apartment-for-sale-cairo-new-cairo-city-the-5th-settlement-5th-settlement-compounds-swan-lake-residence-3403627.html
222,Apartment,"District 5, 5th Settlement Compounds, The 5th Settlement, New Cairo City, Cairo","3,800,000",130 ,https://www.propertyfinder.eg/en/plp/buy/apartment-for-sale-cairo-new-cairo-city-the-5th-settlement-5th-settlement-compounds-district-5-3435297.html
223,iVilla,"Mountain View Hyde Park, 5th Settlement Compounds, The 5th Settlement, New Cairo City, Cairo","5,200,000",234 ,https://www.propertyfinder.eg/en/plp/buy/ivilla-for-sale-cairo-new-cairo-city-the-5th-settlement-5th-settlement-compounds-mountain-view-hyde-park-3288180.html
224,Apartment,"Tag Sultan, Ring Road, Cairo","2,550,000",146 ,https://www.propertyfinder.eg/en/plp/buy/apartment-for-sale-cairo-ring-road-tag-sultan-3383987.html
225,Apartment,"Mountain View iCity, 5th Settlement Compounds, The 5th Settlement, New Cairo City, Cairo","2,700,000",165 ,https://www.propertyfinder.eg/en/plp/buy/apartment-for-sale-cairo-new-cairo-city-the-5th-settlement-5th-settlement-compounds-mountain-view-icity-3399260.html
226,Villa,"Hyde Park, 5th Settlement Compounds, The 5th Settlement, New Cairo City, Cairo","9,250,000",327 ,https://www.propertyfinder.eg/en/plp/buy/villa-for-sale-cairo-new-cairo-city-the-5th-settlement-5th-settlement-compounds-hyde-park-3203336.html
227,Land,"Bait Alwatan, The 5th Settlement, New Cairo City, Cairo","4,500,000",774 ,https://www.propertyfinder.eg/en/plp/buy/land-for-sale-cairo-new-cairo-city-the-5th-settlement-bait-alwatan-3140981.html
228,Apartment,"Eastown, 5th Settlement Compounds, The 5th Settlement, New Cairo City, Cairo","4,500,000",211 ,https://www.propertyfinder.eg/en/plp/buy/apartment-for-sale-cairo-new-cairo-city-the-5th-settlement-5th-settlement-compounds-eastown-3431998.html
229,iVilla,"Mountain View iCity, 5th Settlement Compounds, The 5th Settlement, New Cairo City, Cairo","204,000",100 ,https://www.propertyfinder.eg/en/plp/buy/ivilla-for-sale-cairo-new-cairo-city-the-5th-settlement-5th-settlement-compounds-mountain-view-icity-3418978.html
230,Apartment,"El Rehab Extension, Al Rehab, New Cairo City, Cairo","2,606,000",170 ,https://www.propertyfinder.eg/en/plp/buy/apartment-for-sale-cairo-new-cairo-city-al-rehab-el-rehab-extension-3205643.html
231,Apartment,"Azad, 5th Settlement Compounds, The 5th Settlement, New Cairo City, Cairo","210,000",145 ,https://www.propertyfinder.eg/en/plp/buy/apartment-for-sale-cairo-new-cairo-city-the-5th-settlement-5th-settlement-compounds-azad-3420511.html
232,Duplex,"De Joya, New Capital Compounds, New Capital City, Cairo","380,000",280 ,https://www.propertyfinder.eg/en/plp/buy/duplex-for-sale-cairo-new-capital-city-new-capital-compounds-de-joya-3367691.html
233,Apartment,"Stone Residence, 5th Settlement Compounds, The 5th Settlement, New Cairo City, Cairo","2,387,000",140 ,https://www.propertyfinder.eg/en/plp/buy/apartment-for-sale-cairo-new-cairo-city-the-5th-settlement-5th-settlement-compounds-stone-residence-3390997.html
234,Twin House,"Mivida, 5th Settlement Compounds, The 5th Settlement, New Cairo City, Cairo","13,500,000",320 ,https://www.propertyfinder.eg/en/plp/buy/twin-house-for-sale-cairo-new-cairo-city-the-5th-settlement-5th-settlement-compounds-mivida-3368717.html
235,Chalet,"Zed East, 5th Settlement Compounds, The 5th Settlement, New Cairo City, Cairo","75,000,000",180 ,https://www.propertyfinder.eg/en/plp/buy/chalet-for-sale-cairo-new-cairo-city-the-5th-settlement-5th-settlement-compounds-zed-east-3431486.html
236,Villa,"Al Burouj Compound, El Shorouk Compounds, Shorouk City, Cairo","5,900,000",210 ,https://www.propertyfinder.eg/en/plp/buy/villa-for-sale-cairo-shorouk-city-el-shorouk-compounds-al-burouj-compound-3423163.html
237,Townhouse,"District 5 Residences, El Katameya Compounds, El Katameya, New Cairo City, Cairo","5,900,000",258 ,https://www.propertyfinder.eg/en/plp/buy/townhouse-for-sale-cairo-new-cairo-city-el-katameya-el-katameya-compounds-district-5-residences-3435921.html
238,Duplex,"Al Burouj Compound, El Shorouk Compounds, Shorouk City, Cairo","205,000",220 ,https://www.propertyfinder.eg/en/plp/buy/duplex-for-sale-cairo-shorouk-city-el-shorouk-compounds-al-burouj-compound-3431980.html
239,Apartment,"Palm Hills New Cairo, 5th Settlement Compounds, The 5th Settlement, New Cairo City, Cairo","4,650,000",128 ,https://www.propertyfinder.eg/en/plp/buy/apartment-for-sale-cairo-new-cairo-city-the-5th-settlement-5th-settlement-compounds-palm-hills-new-cairo-3421837.html
240,Apartment,"Palm Hills New Cairo, 5th Settlement Compounds, The 5th Settlement, New Cairo City, Cairo","3,200,000",175 ,https://www.propertyfinder.eg/en/plp/buy/apartment-for-sale-cairo-new-cairo-city-the-5th-settlement-5th-settlement-compounds-palm-hills-new-cairo-3434622.html
241,Apartment,"MU-23, Downtown Area, New Capital City, Cairo","2,450,000",169 ,https://www.propertyfinder.eg/en/plp/buy/apartment-for-sale-cairo-new-capital-city-downtown-area-mu-23-3246018.html
242,Villa,"Hyde Park, 5th Settlement Compounds, The 5th Settlement, New Cairo City, Cairo","13,500,000",475 ,https://www.propertyfinder.eg/en/plp/buy/villa-for-sale-cairo-new-cairo-city-the-5th-settlement-5th-settlement-compounds-hyde-park-3377541.html
243,iVilla,"Mountain View Hyde Park, 5th Settlement Compounds, The 5th Settlement, New Cairo City, Cairo","2,500,000",234 ,https://www.propertyfinder.eg/en/plp/buy/ivilla-for-sale-cairo-new-cairo-city-the-5th-settlement-5th-settlement-compounds-mountain-view-hyde-park-3282594.html
244,Townhouse,"Sodic East, 6th District, New Heliopolis, Cairo","6,300,000",234 ,https://www.propertyfinder.eg/en/plp/buy/townhouse-for-sale-cairo-new-heliopolis-6th-district-sodic-east-3398700.html
245,Apartment,"Hyde Park, 5th Settlement Compounds, The 5th Settlement, New Cairo City, Cairo","5,700,000",230 ,https://www.propertyfinder.eg/en/plp/buy/apartment-for-sale-cairo-new-cairo-city-the-5th-settlement-5th-settlement-compounds-hyde-park-3423739.html
246,Villa,"La Terra, South Investors Area, New Cairo City, Cairo","9,000,000",614 ,https://www.propertyfinder.eg/en/plp/buy/villa-for-sale-cairo-new-cairo-city-south-investors-area-la-terra-3366525.html
247,Townhouse,"Layan Residence, 5th Settlement Compounds, The 5th Settlement, New Cairo City, Cairo","5,000,000",266 ,https://www.propertyfinder.eg/en/plp/buy/townhouse-for-sale-cairo-new-cairo-city-the-5th-settlement-5th-settlement-compounds-layan-residence-3379532.html
248,Apartment,"Hyde Park, 5th Settlement Compounds, The 5th Settlement, New Cairo City, Cairo","3,625,000",172 ,https://www.propertyfinder.eg/en/plp/buy/apartment-for-sale-cairo-new-cairo-city-the-5th-settlement-5th-settlement-compounds-hyde-park-3429112.html
249,Apartment,"Cairo Festival City, North Investors Area, New Cairo City, Cairo",Askforprice,140 ,https://www.propertyfinder.eg/en/plp/buy/apartment-for-sale-cairo-new-cairo-city-north-investors-area-cairo-festival-city-3413905.html
